,0,1,2,3,4,5,Avaliação,Nome,Ranking,6,7
0,,,"R. Santa Teresinha, 843 - Fraternidade, Londrina - PR, 86027-620","MVQ5+G3 Fraternidade, Londrina - PR",(43) 3339-2034,Adicionar website,(19),Pisos Londrina - Paver,"4,3",,
1,,,"R. Pará, 2011 - Centro - Quebec, Londrina - PR, 86020-400","MRPH+5J Quebec, Londrina - PR",londonpisos.com.br,(43) 3031-1650,(42),London Pisos,"4,8",,
2,,,"R. Dolores Peralta, 20 - Parque Waldemar Hauer, Londrina - PR, 86030-270","PV46+M7 Ideal, Londrina - PR",pisospassarela.com.br,(43) 3339-6013,(13),Pisos Passarela,"4,4",,
3,,,"Av. Santos Dumont, 1460 - Bairro Aeroporto, Londrina - PR, 86039-090","MVG5+3F Bairro Aeroporto, Londrina - PR",(43) 3025-4445,Adicionar website,(13),PisoFácil (Store) (Pisos e Revestimentos),"4,4",,
4,,,"Av. Theodoro Victorelli, 255 - Helena, Londrina - PR, 86089-050","MVQ3+H8 Helena, Londrina - PR",pisoaqui.com.br,(43) 3339-8011,(50),PisoAqui,"4,2",,
5,,,"Av. Dez de Dezembro, 7104 - Ouro Branco, Londrina - PR, 86046-140","JVW2+27 Ouro Branco, Londrina - PR",housepisoseacabamentos.com.br,(43) 3341-6009,(2),HOUSE Pisos Porcelanato e Acabamentos londrina construção,"4,5",,
6,,,"Av: Tirandentes, 901 - Jardim Shangri-Lá A, Londrina - PR, 86062-000","MRX9+G6 Jardim Shangri-Lá A, Londrina - PR",lgpisos.com.br,(43) 3348-3165,(5),LG Pisos,"4,6",,
7,,,"Av. Arcebispo Dom Geraldo Fernandes, 2777 - Loja 03 - Jardim Agari, Londrina - PR, 86020-145","MRXH+HJ Jardim Agari, Londrina - PR",stilloacabamentos.com.br,(43) 3029-8585,(7),Stillo Acabamentos,"4,9",,
8,,,"Av. Dez de Dezembro, 7105 - Lago Igapó, Londrina - PR, 86026-220","JVV2+RC Chácaras Mussahiro, Londrina - PR",negocio.site,(43) 3341-6009,(2),Casalon Pisos e acabamentos,"3,0",,
9,,,"R. Paes Leme, 783 - Centro, Londrina - PR, 86010-610","MRGV+P8 Centro, Londrina - PR",negocio.site,(43) 3322-7799,(8),Decorando Pisos Laminados e Acabamentos,"4,9",,
10,,,"R. Brasil, 1831 - Centro, Londrina - PR, 86010-200","MRFW+RH Centro, Londrina - PR",rekamil.com.br,(43) 3356-1000,(17),Rekamil Laminados,"4,3",,
11,,,"R. José da Silva, 130 - Jardim Taroba I, Londrina - PR, 86042-280","JRQX+FV Jardim Taroba I, Londrina - PR",(43) 3341-4010,Reivindicar esta empresa,(4),gb pisos,"4,8",Adicionar website,
12,,,"Av. Tiradentes, 929 - Jardim Shangri-Lá A, Londrina - PR, 86070-545","MRX8+HX Jardim Shangri-Lá A, Londrina - PR",(43) 3378-0800,Reivindicar esta empresa,(8),Globo Pisos,"3,9",Adicionar horário,Adicionar website
13,,,"R. Guaporé, 739 - Jardim Palmares, Londrina - PR, 86025-000","MRXP+HR Jardim Palmares, Londrina - PR",(43) 3334-0557,Adicionar website,(40),Pisolon,"4,0",,
14,,,"Av. Santos Dumont, 502 - Bairro Aeroporto, Londrina - PR, 86089-050","MVJ3+92 Bairro Aeroporto, Londrina - PR",pisoslaminadosemlondrina.blogspot.com,(43) 99992-1802,(3),Pisos Laminados Londrina,"5,0",,
15,,,"Rodovia Carlos João Strass, 605 - Garden Park Residence, Londrina - PR, 86079-246","PV62+QM Garden Park Residence, Londrina - PR",pisoforteacabamentos.com.br,(43) 3334-2374,(3),Piso Forte Acabamentos,"4,3",Reivindicar esta empresa,
16,,,"Av. Higienópolis, 2527 - Guanabara, Londrina - PR, 86050-000","MR9M+43 Guanabara, Londrina - PR",projetonatural.com.br,(43) 3324-8000,(1),Projeto Natural-Pisos e Acabamentos em Madeira,"4,0",,
17,,,"Tv. Belém, 50 - Centro, Londrina - PR, 86071-650","MRWP+9C Centro, Londrina - PR",europiso.com.br,(43) 3024-3345,(3),Europiso Com de Pisos Indl,"4,7",Reivindicar esta empresa,Adicionar horário
18,,,"Av. Ayrton Senna da Silva, 850 - Gleba Fazenda Palhano, Londrina - PR, 86061-650","MR8C+6R Gleba Fazenda Palhano, Londrina - PR",portobelloshop.com.br,(43) 3375-3737,(33),Portobello Shop,"4,6",Reivindicar esta empresa,
19,,,"Av. Rio Branco, 880 - Jardim Agari, Londrina - PR, 86025-595","PR4G+9R Jardim Agari, Londrina - PR",(43) 3328-3243,Adicionar website,(52),Museu dos Azulejos,"4,2",,
20,,,"Av. Dez de Dezembro, 7670 - JARDIM IGAPO, Londrina - PR, 86046-140","JRRX+QH Inglaterra, Londrina - PR",romaniconstrucao.com.br,(43) 3341-5688,(280),DEPÓSITO ROMANI,"4,5",,
21,,,"R. Rio Paraná, 286 - Jardim Sao Paulo, Cambé - PR, 86185-300","PP3X+38 Jardim Sao Paulo, Cambé - PR",dickasa.com.br,(43) 3154-2900,(2),Dickasa Ferragens e Construção,"5,0",,
22,,,"Av. Tiradentes, 1240 - Jardim Shangri-Lá A, Londrina - PR, 86070-545","MRX7+VQ Jardim Shangri-Lá A, Londrina - PR",araucariaacabamentos.com.br,(43) 3339-0800,(18),Araucária Acabamentos,"4,8",,
23,,,"Av. Theodoro Victorelli, 650L - Jardim Helena, Londrina - PR, 86027-750","MVP4+RH Fraternidade, Londrina - PR",leroymerlin.com.br,(43) 99153-3076,(410),Leroy Merlin Londrina,"4,0",,
24,,,"Av. Juscelino Kubitscheck, 4926 - Jardim Tropical, Londrina - PR, 86039-120","MVJ2+6P Jardim Tropical, Londrina - PR",(43) 3344-8454,Adicionar horário,(1),Piso Pavaneli,"5,0",Adicionar website,
25,,,"Av. Higienópolis, 2760 - Guanabara, Londrina - PR, 86050-000","MR8J+8R Guanabara, Londrina - PR",casaobjeto.com.br,(43) 3336-4568,(5),Casa Objeto,"5,0",,
26,,"SHOPPING COLISEU - R. Arcindo Sardo, 460 - SL 03 - Jardim das Americas, Londrina - PR, 86076-140","PR7F+J5 Jardim das Americas, Londrina - PR",(43) 3347-3202,Adicionar website,,,PISOFIT - LAMINADOS & VINÍLICOS,,,
27,,,"R. Sen. Souza Naves - Centro, Londrina - PR, 86010-921","MRPR+3X Centro, Londrina - PR",sintecolondrina.blogspot.com,(43) 3326-6873,(6),Sinteco Londrina,"5,0",,
28,,,"Av. Tiradentes, 2760 - Cilo III, Londrina - PR, 86071-000","PQ3X+82 Cilo III, Londrina - PR",telhanorte.com.br,(43) 3878-5109,(847),Telhanorte Tiradentes,"4,1",Gerenciar esta ficha,
29,,"R. Pernambuco, 162 - Centro, Londrina - PR, 86020-120","MRRP+6R Centro, Londrina - PR",(43) 3028-2929,Reivindicar esta empresa,Adicionar website,,Grupo Xara (Decoração - Acabamentos - Pisos - Móveis - Cerâmica - Empilhadeiras),,,
30,,,"Rod. Celso Garcia Cid, 2198 - Jardim Rivieira, Cambé - PR, 86187-025","MQXF+79 Jardim Rivieira, Cambé - PR",(43) 3154-8454,Adicionar website,(31),Piso Pavaneli,"4,2",,
31,,"Av. Tiradentes, 771 - Jardim Shangri-Lá A, Londrina - PR, 86070-545","MRXG+55 Jardim Shangri-Lá A, Londrina - PR",(43) 3025-2070,Reivindicar esta empresa,Adicionar website,,Aqui K J R Pisos e Materiais de Construção,,,
32,,,"Av. Alexandre Santoro, n° 1470 - Jardim Continental, Londrina - PR, 86083-000","PRQ9+3Q Jardim Continental, Londrina - PR",forropiso.com.br,(43) 3347-6915,(3),Forro Piso Vendas e Montagens,"3,7",,
33,,,"R. Bahia, 274 - Centro, Londrina - PR, 86026-020","MRVQ+WF Centro, Londrina - PR",diviplus.com.br,(43) 3025-5500,(90),Diviplus Acabamentos,"4,5",,
34,,,"R. João Batista Santana, 28 - Jardim Tropical, Londrina - PR, 86087-649","PV92+X8 Jardim Tropical, Londrina - PR",(43) 3322-8454,Adicionar website,(1),Piso Pavaneli,"5,0",,
35,,"R. Espírito Santo, 87 - apartamento 501 - Centro, Londrina - PR, 86010-510","MRMW+9Q Centro, Londrina - PR",(43) 98426-2029,Reivindicar esta empresa,Adicionar horário,,Justo Pisos e Revestimentos,,Adicionar website,
36,,,"R. Pio Felizardo da Costa, 155 - Casa, Londrina - PR, 86087-552","PVP5+HV Cinco Conjuntos, Londrina - PR",(43) 98456-7356,Reivindicar esta empresa,(1),Thiago Rodrigues Azulejista,"5,0",Adicionar horário,Adicionar website
37,,,"Av. Duque de Caxias, 670 - Leonor, Londrina - PR, 86015-000","MR8X+7W Europa, Londrina - PR",(43) 3025-4144,Adicionar website,(3),Living Decor - Lisa Medeiros,"5,0",,
38,,,"Av. Tiradentes, 1181 - Jardim Shangri-Lá A, Londrina - PR, 86070-000","MRX8+J3 Jardim Shangri-Lá A, Londrina - PR",todimo.com.br,(43) 3375-5501,(725),Todimo,"4,4",Gerenciar esta ficha,
39,,,"Av. Dez de Dezembro, 7670 - JARDIM IGAPO, Londrina - PR, 86046-140","JRRX+QH Inglaterra, Londrina - PR",romaniconstrucao.com.br,(43) 3341-5688,(280),DEPÓSITO ROMANI,"4,5",,
40,,"R. João-de-Barro, 375 - Indústrias Leves, Londrina - PR, 86030-320","PV59+VR Indústrias Leves, Londrina - PR",(43) 3356-9871,Reivindicar esta empresa,Adicionar website,,TRE FRATELLI - Jateamento e Revestimento Anti-corrosivo,,,
41,,,"Av. Jamil Scaff, 2071 - Jardim Santa Alice, Londrina - PR, 86036-692","MVPJ+VJ Jardim Santa Alice, Londrina - PR",depositoromani.com.br,(43) 3321-9590,(6),Romani - Construção e Acabamentos,"5,0",Gerenciar esta ficha,
42,,,"R. Rio Paraná, 286 - Jardim Sao Paulo, Cambé - PR, 86185-300","PP3X+38 Jardim Sao Paulo, Cambé - PR",dickasa.com.br,(43) 3154-2900,(2),Dickasa Ferragens e Construção,"5,0",,
43,,(43) 3347-2132,Adicionar website,,,,,Lamilondon,,,
44,,,"Av. Dez de Dezembro, 1867 - Lago Igapó, Londrina - PR, 86028-220","MVQ2+VG Lago Igapó, Londrina - PR",ambientalmadeiras.com.br,(43) 3324-6292,(1),Ambiental Madeiras Indusparquet,"5,0",Adicionar horário,
45,,,"377 Rodovia Celso Garcia Cid, AE / 01 - Gleba Fazenda Palhano, Londrina - PR, 86050-901",,"MR56+2X Gleba Fazenda Palhano, Londrina - PR",telhanorte.com.br,(989),Telhanorte Catuaí,"4,1",(43) 3878-5200,Gerenciar esta ficha
46,,,"Av. Europa, 962 - Jd Piza, Londrina - PR, 86041-000","JVW6+FV Parque Res. Joao Piza, Londrina - PR",depositoroseira.com,(43) 3341-4222,(235),Depósito Roseira - Construção e Acabamentos,"4,7",,
47,,,"Av. Saul Elkind, 2900 - Jardim Athenas, Londrina - PR, 86082-001","PRRP+HJ Jardim Athenas, Londrina - PR",todimo.com.br,(43) 3372-5000,(274),Todimo,"4,2",Gerenciar esta ficha,
48,,"R. das Indústrias, 226 - Cidadela, Londrina - PR, 86072-100","PQ4R+HC Cidadela, Londrina - PR",passalacqua.com.br,(43) 3347-2928,Reivindicar esta empresa,,Passalacqua & Cia,,Adicionar horário,
49,,,"Tv. Belém, 50 - Centro, Londrina - PR, 86026-460","MRWP+9C Centro, Londrina - PR",europiso.com.br,(43) 3339-1140,(4),Europiso Comércio de Pisos Industriais,"4,8",Reivindicar esta empresa,
50,,,"Av. Tiradentes, 777 - Jardim Shangri-Lá A, Londrina - PR, 86062-000","MRX9+FH Jardim Shangri-Lá A, Londrina - PR",(43) 3322-2400,Reivindicar esta empresa,(3),Casa De Piso,"3,7",Adicionar website,
51,,,"Av. Robert Koch, 1385 - Jardim Vale do Cedro, Londrina - PR, 86037-010","MVCJ+GX Jardim Vale do Cedro, Londrina - PR",depositoromani.com.br,(43) 3339-9193,(176),Depósito Romani Construção e Acabamentos,"4,3",Gerenciar esta ficha,
52,,,"R. Fernando de Noronha, 452 - Centro, Londrina - PR, 86020-300","MRRM+X5 Centro, Londrina - PR",clicpiso.com.br,(43) 3323-6804,(2),"Clicpiso Pisos Laminados, Persianas, Portas prontas, divisórias....","5,0",,
53,,,"Av. Maringá, 464 - Vitoria, Londrina - PR, 86060-680","MRVC+QF Vitoria, Londrina - PR",lumydecor.com.br,(43) 3356-5932,(7),Lumy Decor Pisos Laminados & Acabamentos,"4,9",,
54,,,"R. Fortaleza, 271 - Agari, Londrina - PR, 86020-240","MRXJ+89 Agari, Londrina - PR",depositosaomarcos.com.br,(43) 3376-1600,(317),Depósito São Marcos,"4,4",Reivindicar esta empresa,
55,,,"R. Joaquim Lacerda, 74 - Boa Vista, Londrina - PR, 86015-260","MRGM+Q6 Boa Vista, Londrina - PR",pisosglobal.com.br,(43) 3322-4411,(2),Global Pisos,"5,0",,
56,,,"R. Belo Horizonte, 477 - Centro, Londrina - PR, 86020-060","MRRM+J9 Centro, Londrina - PR",casaacabamentos.com.br,(43) 3324-5133,(1),Casa Acabamentos,"1,0",,
57,,,"Av. Arcebispo Dom Geraldo Fernandes, 2777 - Lj 03 - Jardim Agari, Londrina - PR, 86020-146","MRXH+HJ Jardim Agari, Londrina - PR",(43) 3025-3333,Adicionar website,(1),Quality Instalações - Pisos Laminados / Vinilicos e Rodapés,"5,0",,
58,,,"R. Guilherme da Mota Corrêa, 4089 - Jardim Shangri-Lá A, Londrina - PR, 86070-460","PR29+JV Jardim Shangri-Lá A, Londrina - PR",(43) 3328-5466,decorpisoslondrina.com.br,(11),Decor Pisos Revestimentos Forros e Divisórias,"4,6",Adicionar website,
59,,,"R. Santo Favoreto, 346 - Santa Joana, Londrina - PR, 86044-100","JVC9+WX Santa Joana - Quilometro Nove, Londrina - PR",(43) 99662-4415,Reivindicar esta empresa,(1),master apper desenvolvimento de aplicativos,"5,0",Adicionar website,
60,,,"Avenida Fernando Cerqueira César Coimbra, 830 Parque - Industrial, Londrina - PR","PQ7Q+HR Industrial, Londrina - PR",todimo.com.br,(43) 3376-5500,(127),Todimo Centro de Distribuição,"4,1",Reivindicar esta empresa,
61,,,"R. Angelina Ricci Vezozzo, 3263 - JD ITAPARICA, Londrina - PR, 86087-340","PVP6+4M Cinco Conjuntos, Londrina - PR",(43) 3339-0748,Adicionar website,(13),ANDAIMES PISO NORTE,"4,7",,
62,,"R. São Vicente, 1461 - Jardim Palmares, Londrina - PR, 86025-040","PR4Q+6R Jardim Palmares, Londrina - PR",sintecolondrina.com.br,(43) 99102-8588,Reivindicar esta empresa,,SINTECO LONDRINA / LIXAMENTO TACO - ASSOALHO - APLICAÇÃO SINTECO - RESTAURAÇÃO PISO MADEIRA,,,
63,,,"R. Guaporé, 739 - Jardim Palmares, Londrina - PR, 86025-000","MRXP+JR Jardim Palmares, Londrina - PR",allurefloors.com.br,(43) 99800-9825,(5),Allure Floors - Pisos Laminados e Vinílicos em Londrina,"5,0",,
64,,,"R. Belém, 61 - Casoni, Londrina - PR, 86026-000","MRWX+46 Casoni, Londrina - PR",depositobrasilsul.com.br,(43) 3323-5942,(4),DEPÓSITO BRASIL SUL,"4,0",Gerenciar esta ficha,
65,,,"R. Minas Gerais, 194 - sala 207 - Centro, Londrina - PR, 86010-170","MRRR+3W Centro, Londrina - PR",bit.ly,(43) 3323-0693,(14),Londokap sua Kapazi em Londrina,"4,7",,
66,,"Av. Dez de Dezembro, 1489 - Lago Igapó, Londrina - PR, 86026-220","MVV2+7W Lago Igapó, Londrina - PR",distribuidorauniaolondrina.com.br,(43) 3321-6445,Reivindicar esta empresa,,"Distribuidora União, Drywall, Placa Cimentícia, Gesso Acartonado, Piso Laminado, Piso Vinílico",,,
67,,,"Av. Inglaterra, 855 - Vilas Boas, Londrina - PR, 86046-000","MV33+74 Vilas Boas, Londrina - PR",(43) 3323-5151,Reivindicar esta empresa,(2),Titanium Pisos Industriais,"2,0",Adicionar website,
68,,,"Av. Tiradentes, 929 - 1 - Jardim Shangri-Lá A, Londrina - PR, 86070-545","MRX8+HX Jardim Shangri-Lá A, Londrina - PR",pisoteto.blog.br,(43) 3328-0070,(19),PISOTETO Decor,"4,9",,
69,,"R - Centro, Londrina - PR, 86001-970","MRPP+R3 Centro, Londrina - PR",(43) 99994-6071,Adicionar website,,,"Sintecadora Lopes -Aplicação de sinteco em Londrina PR-Verniz ,lixamento,sintecadora em Londrina PR",,,
70,,,"Av. São João, 868 - Brasília, Londrina - PR, 86039-290","MVJ6+99 Brasília, Londrina - PR",(43) 3323-3080,Adicionar website,(25),L R Comércio de Revestimentos Automotivos e Moveleiros ||||whats(43)998137555 (43)984315505 (43)984778695,"4,4",,
71,,"R. Dolores Peralta, 230 - Parque Waldemar Hauer, Londrina - PR, 86030-270","PV47+M9 Ideal, Londrina - PR",facebook.com,(43) 3326-8150,Reivindicar esta empresa,,Pisolon,,Adicionar horário,
72,,"R. Bélgica, 1826 - Jd Igapó, Londrina - PR, 86046-280","JRVX+XG Inglaterra, Londrina - PR",(43) 99128-4469,Reivindicar esta empresa,Adicionar website,,Mc Telhas,,,
73,,"Av. Tiradentes, 777 - Jardim Shangri-Lá A, Londrina - PR, 86070-545","MRX9+FG Jardim Shangri-Lá A, Londrina - PR",(43) 3327-0141,Adicionar website,,,Multistampa Decorações e Revestimentos,,,
74,,"Av. Pref. Milton Ribeiro de Menezes, 715 - ap 101 bloco 9 - Jardim Moema, Londrina - PR, 86087-620","PVC6+Q5 Jardim Moema, Londrina - PR",negocio.site,(43) 99659-0285,,,grama sintética e pisos emborrachados RubberGrass,,,
75,,,negocio.site,(43) 3253-2461,whatsapp.com,,(4),EngCom Pisos Industriais,"5,0",,
76,,,(43) 3329-7104,Reivindicar esta empresa,Adicionar horário,Adicionar website,(1),Sintecadora em Londrina,"5,0",Adicionar uma foto,
77,,,"R. Pedro Botelho de Rezende, 2187 - Parque Res. Granville, Londrina - PR, 86047-500","JRXM+XM Parque Res. Granville, Londrina - PR",Reivindicar esta empresa,Adicionar número de telefone,(1),Conceito Concreto,"5,0",Adicionar horário,Adicionar website
78,,,"R. Goiás, 400 - Centro, Londrina - PR, 86010-460","MRMV+VV Centro, Londrina - PR",sites.google.com,(43) 3322-2832,(3),Iri Home Center,"5,0",,
79,,"Av. Odilon Borges de Carvalho, 145 - Shangri-lá, Londrina - PR, 86070-090","PR2G+V3 Shangri-lá, Londrina - PR",(43) 99926-0486,Adicionar website,,,CENTRO OESTE PISOS LTDA,,,
80,,,"Av. Maringá, 2345 - Vitoria, Londrina - PR, 86060-180","MRGF+VJ Vitoria, Londrina - PR",kiantapetes.com.br,(43) 3025-6959,(1),Kian Arte em Tapetes - Londrina,"5,0",Gerenciar esta ficha,
81,,,"Av. Arthur Thomas, 2310 - sala 04 - Jardim Novo Sabara, Londrina - PR, 86066-000","MQPR+9P Jardim Novo Sabara, Londrina - PR",pt-br.facebook.com,(43) 3327-8449,(6),DJE Acabamentos e Instalações,"3,7",,
82,,,"R. Raposo Tavares, 79 - Loja 202 - Vila Larsen 1, Londrina - PR, 86010-580","MRHX+MR Vila Larsen 1, Londrina - PR",tottybless.com.br,(43) 98431-3734,(12),Totty Bless I Forro de PVC,"4,4",,
83,,,"Rodovia Carlos João Strass, 565 - Indústrial Alicante, Londrina - PR, 86087-350","PV62+FJ Garden Park Residence, Londrina - PR",paranastones.business.site,(43) 3336-2610,(3),Paraná Stones Distribuidora Mármores e Granitos,"5,0",,
84,,,"R. Niterói, 45 - Centro, Londrina - PR, 86026-040","MRVR+29 Centro, Londrina - PR",euromargranitos.com.br,(43) 3329-0408,(3),Euromar Mármores e Granitos - Distribuidora Atacadista,"4,7",,
85,,,"Av. Maringá, 416 - Vitoria, Londrina - PR, 86060-000","MRWC+2F Vitoria, Londrina - PR",icapachos.negocio.site,(43) 99692-3038,(13),icapachos tapetes personalizados (kapazi),"5,0",,
86,,,"Av. Tiradentes, 600 - Jardim Shangri-Lá A, Londrina - PR, 86070-545","MRX9+JW Jardim Shangri-Lá A, Londrina - PR",tkacabamentos.com.br,(43) 3024-1500,(106),TK Acabamentos - Av. Tiradentes 600,"4,6",Gerenciar esta ficha,
87,,"Av. Saul Elkind, 739 - Sebastiao de Melo César, Londrina - PR, 86085-000","PVR4+G9 Sebastiao de Melo César, Londrina - PR",Reivindicar esta empresa,Adicionar número de telefone,Adicionar horário,,Deposito Alvorada - pisos,,Adicionar website,
88,,,"Av. Guilherme de Almeida, 1011 - Ouro Branco, Londrina - PR, 86042-000","JVM4+VG Ouro Branco, Londrina - PR",cec.com.br,(43) 3026-1044,(3),Casa da Construção,"4,3",Reivindicar esta empresa,
89,,,"Jardim 86020-041, R. Quatá, 789 - San Remo, Londrina - PR, 86062-580","MRP7+76 San Remo, Londrina - PR",vivain.com.br,(43) 99976-3020,(6),VivaIN decorações,"5,0",,
90,,"Jardim dos Alpes, Londrina - PR, 86075-010","PR7M+GF Jardim dos Alpes, Londrina - PR",(43) 3037-2331,Reivindicar esta empresa,Adicionar horário,,Construir & Morar,,Adicionar website,
91,,,"R. Paraíba, 322 - Jardim Higienopolis, Londrina - PR, 86020-090","MRVM+7V Jardim Higienopolis, Londrina - PR",(43) 3337-8216,Reivindicar esta empresa,(1),Revestimentos de Estofados Maringá,"1,0",Adicionar horário,Adicionar website
92,,,"R. Asa-Branca, 550 - Waldemar Hauer, Londrina - PR, 86030-470","PV5F+7X Waldemar Hauer, Londrina - PR",(43) 3334-3757,Adicionar website,(1),KS Pisos de Madeiras,"5,0",,
93,,,"R. Mitomu Simamura, 426 - N Amparo, Londrina - PR, 86043-030","JVM8+27 Parque das Industrias - Quilometro Nove, Londrina - PR",(43) 3341-1174,Reivindicar esta empresa,(12),Depósito Montimó,"4,8",Adicionar website,
94,,,"R. Pedro Botelho de Rezende, 3303 - Jardim Burle Marx, Londrina - PR, 86185-010","JRVR+FV Jardim Burle Marx, Londrina - PR",alphablocos.com.br,(43) 3253-5990,(3),ALPHA BLOCOS,"5,0",,
95,,,"Av. Saul Elkind, 731 - Conj. Semiramis Barros Braga, Londrina - PR, 86085-000","PVR4+G7 Conj. Semiramis Barros Braga, Londrina - PR",depositoalvorada.com.br,(43) 3373-4686,(150),Depósito Alvorada - Materiais de Construção,"4,5",,
96,,,"Av. Voluntários da Pátria, 476 - Jardim Andrade, Londrina - PR, 86061-120","MRQC+P2 Jardim Andrade, Londrina - PR",(43) 3322-7329,Reivindicar esta empresa,(1),Ostermann Assoalhos,"5,0",Adicionar horário,Adicionar website
97,,,"R. Tietê, 1750 - Jardim Tabapua, Londrina - PR, 86025-230","PR3H+XC Jardim Tabapua, Londrina - PR",depositolc.com.br,(43) 3334-1918,(184),Depósito LC,"4,6",,
98,,,"R. Tibagi, 582 - 1 - Vila Recreio, Londrina - PR, 86025-270","PR3R+C7 Vila Recreio, Londrina - PR",(43) 3026-2003,Reivindicar esta empresa,(2),"Casavest - Cama, Mesa & Banho, Tapetes","4,0",Adicionar website,
99,,"Av. Maringá, 416 - Vitoria, Londrina - PR, 86060-000","MRWC+2F Vitoria, Londrina - PR",protkap.com.br,(43) 98477-7555,Reivindicar esta empresa,,Prot Kap Tapetes Personalizados (kapazi),,Adicionar horário,
100,,,"Av. Dez de Dezembro, 6331 - Parque Res. Joao Piza, Londrina - PR, 86046-140","MV23+5Q Parque Res. Joao Piza, Londrina - PR",(43) 3341-1909,Reivindicar esta empresa,(3),Casa Shop Porcelanato,"4,7",Adicionar website,
101,,,"R. Rio Grande do Norte, 1326 - Loja 1 - Centro, Londrina - PR, 86026-490","MRVQ+96 Centro, Londrina - PR",negocio.site,(43) 3323-9845,(6),Paulino Decorações,"4,3",,
102,,,sintecadoramartins.com.br,(43) 99935-0687,Reivindicar esta empresa,Adicionar uma foto,(7),Sintecadora Martins - Sinteco - Sinteco Londrina,"4,4",,
103,,"R. Guilherme da Mota Corrêa, 4089 - Jardim Shangri-Lá A, Londrina - PR, 86070-460","PR29+JV Jardim Shangri-Lá A, Londrina - PR",decorpisoslondrina.com.br,(43) 98418-5533,Reivindicar esta empresa,,decor pisos e revestimentos,,,
104,,sintecolondrina.blogspot.com,(43) 99992-1802,,,,,Sinteco,,,
105,,"R. Júlio de Castilho, 564 - Jardim Sabara, Londrina - PR, 86066-010","MQQR+FR Jardim Sabara, Londrina - PR",(43) 3334-0504,Reivindicar esta empresa,Adicionar horário,,Sintekadora IBL,,Adicionar website,
106,,"Av. Jorge Casoni, 1019 - 1019, Londrina - PR, 86026-010","MRXX+JH Vila Galvao, Londrina - PR",(43) 3337-9983,Adicionar website,,,Shekina Estofados,,,
107,,"Av. Europa, 57 - Parque Res. Joao Piza, Londrina - PR, 86041-000","JVW6+JR Parque Res. Joao Piza, Londrina - PR",(43) 3341-7336,Reivindicar esta empresa,Adicionar website,,Depósito Pizza Materiais para Construção,,,
108,,,"Av. Luigi Amorese, 7255w - Parque Industrial Cacique, Londrina - PR, 86071-020","PQ6R+87 Cilo III, Londrina - PR",(43) 3028-4422,Reivindicar esta empresa,(4),Porto de Areia Londrina,"4,8",Adicionar website,
109,,,"Av. Lúcia Helena Gonçalves Viana, 423 - Jardim Italia, Londrina - PR, 86079-180","PR6V+7V Jardim Italia, Londrina - PR",depositolondrinorte.com.br,(43) 3356-3353,(232),Depósito LondriNorte,"4,8",,
110,,"R. Canadá - Jerumenha, Londrina - PR, 86046-400","MV42+8J Jerumenha, Londrina - PR",negocio.site,(43) 99990-2117,,,CJA Revestimentos de Alto Desempenho,,,
111,,"R. dos Açores, 76 - São Lourenço, Londrina - PR, 86026-290","PR2W+5R Matarazzo, Londrina - PR",(43) 3321-7636,Reivindicar esta empresa,Adicionar horário,,Assinteko Santos,,Adicionar website,
112,,,"Av. Maringá, 1765 - Vitoria, Londrina - PR, 86060-000","MRJF+X8 Vitoria, Londrina - PR",centermaringa.com.br,3327-4545,(115),DEPOSITO MARINGA,"4,7",,
113,,,"Av. Tiradentes, 1120 - Shangri-lá, Londrina - PR, 86070-545","MRX8+R7 Shangri-lá, Londrina - PR",(43) 3378-0808,Reivindicar esta empresa,(8),JML Acabamentos,"4,9",Adicionar website,
114,,,"R. Delfim Moreira, 61 - Hedy, Londrina - PR, 86062-610","MRM7+QW Hedy, Londrina - PR",(43) 98492-3340,Adicionar website,(1),Marido de aluguel,"1,0",,
115,,,"Av. Jamil Scaff, 1765 - Jardim da Luz, Londrina - PR, 86037-850","MVMM+CW Jardim da Luz, Londrina - PR",(43) 3339-3339,Adicionar website,(54),Depósito Eliseu Materiais p/ Construção,"4,3",,
116,,,"Av. Jorge Casoni, 2396 - Centro, Londrina - PR, 86026-110","MRPX+VC Centro, Londrina - PR",diprotec.com.br,(43) 3037-7222,(15),Diprotec - Distr. Produtos Técnicos para Construção Civil,"4,8",Gerenciar esta ficha,Adicionar horário
117,,,"Av. Inglaterra, 111 - Igapó, Londrina - PR, 86046-000","MV53+X5 Igapó, Londrina - PR",principecec.com.br,(43) 3341-3969,(202),Príncipe - Casa e Construção,"4,5",,
118,,,"Av. Chepli Tanus Daher, 105 - Jardim Acapulco, Londrina - PR, 86045-000","JRRV+4J Jardim Acapulco, Londrina - PR",(43) 3341-5455,Reivindicar esta empresa,(17),Depósito de Materiais de Construção Buba,"4,5",Adicionar horário,Adicionar website
119,,,"Av. Saul Elkind, 4005 - Estados, Londrina - PR, 86082-000","PRQG+GC Estados, Londrina - PR",(43) 3327-9000,Adicionar website,(54),Depósito Baratão,"4,6",,
120,,,total-paver.negocio.site,(43) 99976-7925,,,(1),Total Paver,"5,0",,
121,,"Av. Sen. Souza Naves, 275 - 03 - Centro, Ibiporã - PR, 86200-000","PWJX+JQ Centro, Ibiporã - PR",pisotop.com,(43) 3158-4009,,,PisoTop Acabamentos,,,
122,,"Av. Arcebispo Dom Geraldo Fernandes, 2770 - Centro, Londrina - PR, 86025-800","MRXH+RR Centro, Londrina - PR",kmsinteco.wix.com,(43) 3321-0853,Reivindicar esta empresa,,KM Sinteco,,Adicionar horário,
123,,,"R. Rio Paraná, 286 - Jardim Sao Paulo, Cambé - PR, 86185-300","PP3X+38 Jardim Sao Paulo, Cambé - PR",dickasa.com.br,(43) 3154-2900,(2),Dickasa Ferragens e Construção,"5,0",,
124,,,(43) 98444-6608,Adicionar website,,,(4),Porcelanato Liquido - Porcelanato Liquido 3D / Porcemax,"5,0",,
125,,,"Av. Duque de Caxias, 2871 - Centro, Londrina - PR, 86010-190","MRMV+5V Centro, Londrina - PR",tintasdarka.com.br,(43) 3325-9000,(72),Tintas Darka - Duque - Londrina,"4,6",Gerenciar esta ficha,
126,,,"R. Quintino Bocaiúva, 922 - Centro, Londrina - PR, 86020-150","MRWJ+75 Centro, Londrina - PR",tintasdarka.com.br,(43) 3322-2224,(90),Tintas Darka - Quintino - Londrina,"4,4",Gerenciar esta ficha,
127,,"R. Quintino Bocaiúva, 846 - Centro, Londrina - PR, 86020-150","MRWJ+5C Centro, Londrina - PR",uirapurutelhacor.com.br,Reivindicar esta empresa,Adicionar número de telefone,,Telhacor Tintas,,,
128,,,"Av. Tiradentes, 1700 - Rodocentro, Londrina - PR, 86071-000","PR25+R7 Rodocentro, Londrina - PR",tintasul.com.br,(43) 3026-9494,(21),TINTASUL DISTRIBUIDORA DE TINTAS LTDA,"4,7",,
129,,,"R. Quintino Bocaiúva, 369 - Centro, Londrina - PR, 86020-150","MRRM+QF Centro, Londrina - PR",facebook.com,(43) 3323-1275,(6),CASA MÓVEIS,"4,3",Reivindicar esta empresa,
130,,,"Av. Guilherme de Almeida - Ouro Branco, Londrina - PR, 86042-001","JVJ5+6R Ouro Branco, Londrina - PR",(43) 99140-0673,Adicionar website,(2),Limpeza de casas apartamento Londrina Limpeza de pisos e Limpeza Fim De Obra,"5,0",,
